user_id,recency,frequency,monetary,year_month,active_period,avg_period,response
3,69,3,90.0,2015.03,10,3,1
24,29,2,13.25,2015.03,53,26,1
30,14,3,63.9,2015.03,31,10,1
34,2,2,180.0,2015.03,36,18,1
38,84,1,38.5,2015.03,0,0,0
45,2,4,72.0,2015.03,69,17,1
46,65,1,32.0,2015.03,0,0,0
48,80,1,24.0,2015.03,0,0,0
52,3,8,291.25,2015.03,74,9,1
57,25,2,165.5,2015.03,60,30,1
61,1,4,138.1,2015.03,69,17,1
63,10,3,95.8,2015.03,51,17,1
72,7,2,0.0,2015.03,1,0,0
76,24,3,173.0,2015.03,59,19,1
87,21,2,92.5,2015.03,41,20,1
88,29,1,111.0,2015.03,0,0,0
91,9,3,114.9,2015.03,75,25,1
104,1,4,235.1,2015.03,86,21,1
106,3,8,365.63,2015.03,73,9,1
129,30,2,24.3,2015.03,7,3,1
141,37,1,14.5,2015.03,0,0,0
143,3,12,281.25,2015.03,84,7,1
164,53,1,48.0,2015.03,0,0,0
170,72,3,655.3,2015.03,12,4,1
177,12,2,47.89,2015.03,47,23,1
178,1,8,96.0,2015.03,70,8,1
179,79,1,72.2,2015.03,0,0,0
180,27,2,56.44,2015.03,37,18,1
181,67,1,14.5,2015.03,0,0,0
182,33,2,81.75,2015.03,53,26,1
183,12,7,139.16,2015.03,65,9,1
197,30,2,16.5,2015.03,8,4,1
210,28,3,265.0,2015.03,49,16,1
223,6,4,78.0,2015.03,68,17,1
225,30,1,30.5,2015.03,0,0,0
240,5,3,57.25,2015.03,71,23,1
247,78,1,22.0,2015.03,0,0,0
264,56,2,40.5,2015.03,1,0,0
282,12,4,219.0,2015.03,73,18,1
302,36,3,158.5,2015.03,48,16,1
310,73,1,11.5,2015.03,0,0,0
316,20,3,70.75,2015.03,46,15,1
321,7,11,199.75,2015.03,72,6,1
329,6,12,188.0,2015.03,67,5,1
330,13,2,50.0,2015.03,10,5,1
342,27,2,38.5,2015.03,38,19,1
347,79,1,31.5,2015.03,0,0,0
349,7,1,13.0,2015.03,0,0,0
352,24,1,80.5,2015.03,0,0,0
367,24,1,19.0,2015.03,0,0,0
368,29,2,32.0,2015.03,15,7,1
380,22,4,227.75,2015.03,61,15,1
398,6,8,181.79,2015.03,76,9,1
403,69,3,43.2,2015.03,13,4,1
415,36,2,88.5,2015.03,29,14,1
426,5,4,32.0,2015.03,54,13,1
427,75,1,7.5,2015.03,0,0,0
439,5,2,24.52,2015.03,36,18,1
451,17,3,133.5,2015.03,71,23,1
458,3,3,98.75,2015.03,74,24,1
468,3,4,113.4,2015.03,70,17,1
472,1,2,64.0,2015.03,34,17,1
475,16,3,127.75,2015.03,56,18,1
489,34,1,28.5,2015.03,0,0,0
492,4,4,153.19,2015.03,73,18,1
495,87,1,59.0,2015.03,0,0,0
501,33,2,160.5,2015.03,25,12,1
512,51,1,25.5,2015.03,0,0,0
521,13,1,28.9,2015.03,0,0,0
527,58,1,18.0,2015.03,0,0,0
530,13,1,18.0,2015.03,0,0,0
532,7,5,266.5,2015.03,68,13,1
541,16,2,32.0,2015.03,70,35,0
542,8,12,191.25,2015.03,76,6,1
543,76,1,48.0,2015.03,0,0,0
555,4,1,19.5,2015.03,0,0,0
557,40,2,61.0,2015.03,16,8,1
560,44,1,14.5,2015.03,0,0,0
565,66,1,82.25,2015.03,0,0,0
566,2,3,156.0,2015.03,62,20,1
567,13,5,143.8,2015.03,72,14,1
569,48,1,15.0,2015.03,0,0,0
573,8,5,95.0,2015.03,39,7,1
574,50,1,88.75,2015.03,0,0,0
577,34,5,209.5,2015.03,27,5,1
592,3,2,10.3,2015.03,9,4,1
594,10,5,150.5,2015.03,72,14,1
598,2,21,522.2,2015.03,80,3,1
619,1,11,144.0,2015.03,74,6,1
622,55,1,31.0,2015.03,0,0,0
633,7,6,83.61,2015.03,79,13,1
648,10,1,11.8,2015.03,0,0,0
649,37,1,16.0,2015.03,0,0,0
653,15,1,22.0,2015.03,0,0,0
656,13,3,50.75,2015.03,62,20,1
660,54,1,16.0,2015.03,0,0,0
662,2,4,64.0,2015.03,49,12,1
665,42,2,83.7,2015.03,30,15,1
684,34,1,19.0,2015.03,0,0,0
708,23,18,502.33,2015.03,61,3,1
710,15,1,12.9,2015.03,0,0,0
713,4,2,74.0,2015.03,47,23,1
718,9,5,160.25,2015.03,65,13,1
734,15,4,64.0,2015.03,54,13,1
744,38,2,40.0,2015.03,45,22,1
754,2,10,227.65,2015.03,83,8,1
768,78,1,30.5,2015.03,0,0,0
770,11,4,103.3,2015.03,44,11,1
771,84,1,17.0,2015.03,0,0,0
772,74,1,16.0,2015.03,0,0,0
777,9,3,48.0,2015.03,47,15,1
784,31,2,35.5,2015.03,29,14,1
785,24,1,14.5,2015.03,0,0,0
786,79,1,31.0,2015.03,0,0,0
792,5,8,213.5,2015.03,71,8,1
800,21,3,63.25,2015.03,51,17,1
806,21,4,144.5,2015.03,56,14,1
807,12,9,153.0,2015.03,74,8,1
808,7,3,130.8,2015.03,73,24,1
816,53,1,15.0,2015.03,0,0,0
826,10,5,127.55,2015.03,65,13,1
828,26,1,38.0,2015.03,0,0,0
844,16,1,31.95,2015.03,0,0,0
849,55,5,104.25,2015.03,31,6,1
856,12,5,198.8,2015.03,57,11,1
858,57,1,19.25,2015.03,0,0,0
866,27,1,14.5,2015.03,0,0,0
868,58,1,36.5,2015.03,0,0,0
875,85,1,50.0,2015.03,0,0,0
876,32,1,23.5,2015.03,0,0,0
886,55,1,14.4,2015.03,0,0,0
913,2,1,18.4,2015.03,0,0,0
919,7,1,12.9,2015.03,0,0,0
926,5,8,315.5,2015.03,79,9,1
928,3,8,311.4,2015.03,86,10,1
940,8,2,48.4,2015.03,16,8,1
944,8,2,0.8,2015.03,77,38,0
945,23,2,33.0,2015.03,37,18,1
948,54,1,14.4,2015.03,0,0,0
950,51,1,27.0,2015.03,0,0,0
953,63,1,29.0,2015.03,0,0,0
971,7,3,134.7,2015.03,67,22,1
973,11,2,26.0,2015.03,57,28,1
977,55,1,116.1,2015.03,0,0,0
978,81,1,56.0,2015.03,0,0,0
981,63,1,40.0,2015.03,0,0,0
983,5,12,192.0,2015.03,75,6,1
996,66,1,48.5,2015.03,0,0,0
998,44,3,45.0,2015.03,39,13,1
1000,5,3,37.5,2015.03,63,21,1
1002,11,1,32.0,2015.03,0,0,0
1007,61,2,40.0,2015.03,14,7,1
1009,79,1,20.0,2015.03,0,0,0
1014,44,1,44.5,2015.03,0,0,0
1026,69,1,16.0,2015.03,0,0,0
1032,2,6,81.21000000000001,2015.03,69,11,1
1039,24,2,46.5,2015.03,32,16,1
1040,3,1,40.6,2015.03,0,0,0
1041,44,1,13.05,2015.03,0,0,0
1050,14,1,11.25,2015.03,0,0,0
1066,9,3,93.8,2015.03,43,14,1
1071,9,10,183.5,2015.03,77,7,1
1085,20,2,125.75,2015.03,66,33,0
1086,4,5,160.0,2015.03,71,14,1
1100,84,1,30.0,2015.03,0,0,0
1103,48,1,29.0,2015.03,0,0,0
1109,6,2,96.0,2015.03,37,18,1
1110,33,2,31.0,2015.03,30,15,1
1118,6,11,247.3,2015.03,71,6,1
1119,44,1,45.5,2015.03,0,0,0
1126,6,3,67.9,2015.03,49,16,1
1127,53,1,14.5,2015.03,0,0,0
1128,4,1,77.4,2015.03,0,0,0
1132,10,4,148.75,2015.03,55,13,1
1134,28,3,87.25,2015.03,52,17,1
1135,11,4,85.4,2015.03,78,19,1
1137,2,1,48.0,2015.03,0,0,0
1139,30,3,130.5,2015.03,50,16,1
1142,9,4,75.15,2015.03,34,8,1
1145,84,1,79.0,2015.03,0,0,0
1146,2,6,251.65,2015.03,84,14,1
1153,1,3,256.55,2015.03,46,15,1
1155,1,3,56.4,2015.03,50,16,1
1158,8,12,230.0,2015.03,70,5,1
1159,38,1,23.5,2015.03,0,0,0
1162,43,1,14.5,2015.03,0,0,0
1164,5,8,159.85,2015.03,73,9,1
1168,5,9,173.0,2015.03,69,7,1
1171,23,1,38.5,2015.03,0,0,0
1174,48,1,15.8,2015.03,0,0,0
1176,5,7,115.75,2015.03,67,9,1
1184,44,3,61.0,2015.03,37,12,1
1189,28,7,210.7,2015.03,49,7,1
1193,82,1,16.0,2015.03,0,0,0
1197,8,4,162.8,2015.03,74,18,1
1202,31,2,217.5,2015.03,42,21,1
1205,28,1,47.75,2015.03,0,0,0
1208,3,1,48.3,2015.03,0,0,0
1209,8,11,174.5,2015.03,77,7,1
1210,1,8,139.75,2015.03,77,9,1
1212,2,6,263.15,2015.03,81,13,1
1221,22,3,180.5,2015.03,29,9,1
1227,43,4,123.5,2015.03,36,9,1
1229,51,1,80.0,2015.03,0,0,0
1232,31,2,30.25,2015.03,5,2,1
1237,25,3,72.25,2015.03,56,18,1
1248,29,2,46.5,2015.03,24,12,1
1251,16,11,196.5,2015.03,68,6,1
1254,1,2,39.4,2015.03,27,13,1
1258,8,8,179.0,2015.03,69,8,1
1263,6,2,25.8,2015.03,3,1,1
1267,6,1,13.5,2015.03,0,0,0
1270,9,4,75.9,2015.03,35,8,1
1283,19,1,11.25,2015.03,0,0,0
1284,17,2,126.25,2015.03,33,16,1
1287,7,1,24.0,2015.03,0,0,0
1288,70,1,30.5,2015.03,0,0,0
1290,21,2,114.5,2015.03,62,31,0
1292,3,2,47.5,2015.03,5,2,1
1294,13,7,128.25,2015.03,52,7,1
1295,1,7,242.75,2015.03,88,12,1
1302,3,1,16.0,2015.03,0,0,0
1307,5,2,56.8,2015.03,40,20,1
1314,9,3,38.5,2015.03,42,14,1
1315,23,2,84.5,2015.03,55,27,1
1317,40,2,69.5,2015.03,36,18,1
1320,2,6,204.5,2015.03,69,11,1
1328,78,1,12.0,2015.03,0,0,0
1344,27,1,49.0,2015.03,0,0,0
1347,49,1,28.0,2015.03,0,0,0
1351,73,1,63.0,2015.03,0,0,0
1361,21,2,32.0,2015.03,35,17,1
1375,2,4,62.5,2015.03,68,17,1
1381,29,2,48.0,2015.03,37,18,1
1386,46,2,37.5,2015.03,4,2,1
1389,34,3,127.0,2015.03,46,15,1
1399,6,1,16.0,2015.03,0,0,0
1405,22,2,29.0,2015.03,43,21,1
1413,30,3,115.5,2015.03,48,16,1
1415,16,1,21.0,2015.03,0,0,0
1416,31,1,29.0,2015.03,0,0,0
1424,62,1,14.5,2015.03,0,0,0
1439,20,1,15.5,2015.03,0,0,0
1445,62,1,26.5,2015.03,0,0,0
1460,2,10,268.6,2015.03,82,8,1
1474,61,1,23.5,2015.03,0,0,0
1484,9,4,146.29,2015.03,54,13,1
1486,2,6,215.89,2015.03,19,3,1
1513,2,17,565.55,2015.03,83,4,1
1517,5,13,316.3,2015.03,81,6,1
1521,56,2,81.5,2015.03,23,11,1
1524,51,1,64.5,2015.03,0,0,0
1527,8,8,275.8,2015.03,75,9,1
1534,24,1,70.4,2015.03,0,0,0
1538,27,1,60.0,2015.03,0,0,0
1540,87,1,42.5,2015.03,0,0,0
1567,83,1,16.0,2015.03,0,0,0
1568,2,1,22.0,2015.03,0,0,0
1569,23,4,118.5,2015.03,26,6,1
1586,2,10,565.29,2015.03,81,8,1
1595,72,1,57.5,2015.03,0,0,0
1596,37,1,67.0,2015.03,0,0,0
1598,9,1,25.8,2015.03,0,0,0
1599,14,6,81.0,2015.03,70,11,1
1603,7,12,195.75,2015.03,79,6,1
1609,8,3,74.0,2015.03,34,11,1
1610,3,9,169.9,2015.03,70,7,1
1612,11,4,83.8,2015.03,49,12,1
1616,19,3,58.7,2015.03,56,18,1
1621,44,3,125.0,2015.03,45,15,1
1622,13,2,73.4,2015.03,62,31,0
1627,69,2,48.0,2015.03,16,8,1
1629,7,11,144.0,2015.03,71,6,1
1633,13,7,262.7,2015.03,70,10,1
1641,12,3,56.0,2015.03,48,16,1
1644,10,4,88.05,2015.03,23,5,1
1645,17,2,30.0,2015.03,29,14,1
1650,1,3,170.5,2015.03,83,27,1
1658,12,1,130.1,2015.03,0,0,0
1659,65,3,80.3,2015.03,9,3,1
1664,20,4,207.0,2015.03,42,10,1
1672,65,2,54.0,2015.03,18,9,1
1675,14,4,111.4,2015.03,16,4,1
1678,10,2,7.4,2015.03,10,5,1
1682,11,6,655.3,2015.03,71,11,1
1684,89,1,22.0,2015.03,0,0,0
1687,89,1,3.0,2015.03,0,0,0
1690,8,5,250.55,2015.03,75,15,1
1691,88,1,42.0,2015.03,0,0,0
1694,86,1,28.0,2015.03,0,0,0
1697,87,1,7.0,2015.03,0,0,0
1698,84,2,45.75,2015.03,3,1,1
1699,87,1,26.0,2015.03,0,0,0
1702,8,5,198.9,2015.03,77,15,1
1704,85,1,106.5,2015.03,0,0,0
1706,12,2,32.9,2015.03,73,36,0
1707,4,2,67.23,2015.03,80,40,0
1708,84,1,16.25,2015.03,0,0,0
1709,22,2,26.5,2015.03,48,24,1
1710,83,1,14.0,2015.03,0,0,0
1711,83,1,14.5,2015.03,0,0,0
1712,47,2,31.0,2015.03,36,18,1
1713,83,1,12.0,2015.03,0,0,0
1714,38,4,155.0,2015.03,45,11,1
1717,16,3,208.25,2015.03,66,22,1
1720,47,2,32.0,2015.03,35,17,1
1722,5,12,179.5,2015.03,76,6,1
1723,29,3,59.0,2015.03,12,4,1
1724,79,1,8.5,2015.03,0,0,0
1726,1,8,222.25,2015.03,79,9,1
1727,80,1,13.0,2015.03,0,0,0
1728,8,6,84.0,2015.03,71,11,1
1729,16,3,127.75,2015.03,49,16,1
1731,79,1,19.5,2015.03,0,0,0
1732,79,1,20.0,2015.03,0,0,0
1735,1,6,92.9,2015.03,77,12,1
1736,79,1,13.5,2015.03,0,0,0
1740,70,1,19.0,2015.03,0,0,0
1743,21,7,119.5,2015.03,57,8,1
1744,77,1,21.0,2015.03,0,0,0
1745,11,4,60.5,2015.03,54,13,1
1746,77,1,6.0,2015.03,0,0,0
1747,76,1,12.5,2015.03,0,0,0
1750,76,1,22.5,2015.03,0,0,0
1751,76,1,52.0,2015.03,0,0,0
1753,75,1,17.25,2015.03,0,0,0
1754,69,2,136.25,2015.03,6,3,1
1755,47,2,24.0,2015.03,28,14,1
1758,74,1,6.0,2015.03,0,0,0
1760,74,1,35.0,2015.03,0,0,0
1761,8,4,84.5,2015.03,66,16,1
1762,73,1,32.0,2015.03,0,0,0
1765,72,1,11.25,2015.03,0,0,0
1766,72,1,13.5,2015.03,0,0,0
1769,71,1,18.5,2015.03,0,0,0
1770,61,1,1.25,2015.03,0,0,0
1771,70,1,20.0,2015.03,0,0,0
1772,70,1,22.0,2015.03,0,0,0
1776,69,1,13.05,2015.03,0,0,0
1777,69,1,14.17,2015.03,0,0,0
1778,14,8,166.4,2015.03,55,6,1
1779,37,2,90.0,2015.03,31,15,1
1781,68,1,12.0,2015.03,0,0,0
1783,3,9,165.4,2015.03,64,7,1
1786,55,2,50.25,2015.03,11,5,1
1789,62,2,185.55,2015.03,4,2,1
1794,1,3,70.6,2015.03,63,21,1
1796,64,1,5.0,2015.03,0,0,0
1798,5,10,418.55,2015.03,58,5,1
1799,6,3,166.0,2015.03,58,19,1
1802,7,3,226.03,2015.03,32,10,1
1803,63,1,32.25,2015.03,0,0,0
1804,9,1,36.3,2015.03,0,0,0
1806,62,1,26.0,2015.03,0,0,0
1808,33,2,37.5,2015.03,29,14,1
1809,29,2,42.25,2015.03,30,15,1
1810,7,4,128.65,2015.03,42,10,1
1811,5,7,112.0,2015.03,56,8,1
1812,12,5,56.25,2015.03,49,9,1
1814,13,2,255.4,2015.03,47,23,1
1815,3,8,239.3,2015.03,57,7,1
1816,60,1,13.0,2015.03,0,0,0
1818,1,5,311.6,2015.03,87,17,1
1819,21,2,74.5,2015.03,13,6,1
1821,9,4,60.0,2015.03,50,12,1
1822,53,1,37.5,2015.03,0,0,0
1825,58,1,24.0,2015.03,0,0,0
1827,57,1,12.0,2015.03,0,0,0
1828,1,4,67.65,2015.03,55,13,1
1829,15,2,167.5,2015.03,42,21,1
1830,57,1,24.3,2015.03,0,0,0
1831,15,4,149.3,2015.03,39,9,1
1832,57,1,14.5,2015.03,0,0,0
1833,51,2,611.55,2015.03,6,3,1
1840,55,1,14.0,2015.03,0,0,0
1844,55,1,114.5,2015.03,0,0,0
1846,32,2,88.5,2015.03,23,11,1
1849,21,3,135.5,2015.03,33,11,1
1850,23,3,45.0,2015.03,31,10,1
1851,54,1,16.0,2015.03,0,0,0
1853,53,1,16.0,2015.03,0,0,0
1855,53,1,41.5,2015.03,0,0,0
1857,17,1,23.0,2015.03,0,0,0
1858,53,1,30.5,2015.03,0,0,0
1863,52,1,13.0,2015.03,0,0,0
1865,9,3,78.9,2015.03,43,14,1
1866,47,1,16.5,2015.03,0,0,0
1868,51,1,13.0,2015.03,0,0,0
1870,51,1,18.5,2015.03,0,0,0
1871,51,1,50.0,2015.03,0,0,0
1872,51,1,29.0,2015.03,0,0,0
1873,51,1,27.0,2015.03,0,0,0
1874,39,2,79.5,2015.03,11,5,1
1875,50,1,48.0,2015.03,0,0,0
1877,22,3,45.5,2015.03,28,9,1
1878,6,2,30.0,2015.03,44,22,1
1879,2,3,119.3,2015.03,48,16,1
1881,29,2,24.0,2015.03,20,10,1
1882,23,2,63.0,2015.03,25,12,1
1883,8,3,81.2,2015.03,39,13,1
1884,47,1,17.0,2015.03,0,0,0
1886,47,1,111.5,2015.03,0,0,0
1888,47,1,29.0,2015.03,0,0,0
1889,12,2,32.0,2015.03,14,7,1
1890,39,1,10.0,2015.03,0,0,0
1892,17,2,90.7,2015.03,29,14,1
1893,5,7,146.4,2015.03,41,5,1
1894,8,2,43.25,2015.03,38,19,1
1895,46,1,28.0,2015.03,0,0,0
1897,46,1,4.5,2015.03,0,0,0
1898,46,1,13.5,2015.03,0,0,0
1904,45,1,35.0,2015.03,0,0,0
1906,24,3,49.4,2015.03,21,7,1
1907,30,2,103.5,2015.03,14,7,1
1908,44,1,22.5,2015.03,0,0,0
1911,42,2,41.0,2015.03,2,1,1
1912,44,1,17.0,2015.03,0,0,0
1913,44,1,19.0,2015.03,0,0,0
1915,43,1,39.0,2015.03,0,0,0
1919,43,2,62.5,2015.03,33,16,1
1920,43,1,66.5,2015.03,0,0,0
1921,12,7,407.15,2015.03,31,4,1
1923,22,1,12.5,2015.03,0,0,0
1925,41,1,23.5,2015.03,0,0,0
1928,6,5,106.1,2015.03,35,7,1
1929,23,2,25.0,2015.03,18,9,1
1932,3,4,102.0,2015.03,38,9,1
1933,15,3,51.0,2015.03,25,8,1
1935,3,4,72.0,2015.03,37,9,1
1936,40,1,34.5,2015.03,0,0,0
1937,40,1,27.0,2015.03,0,0,0
1938,38,1,34.0,2015.03,0,0,0
1939,38,1,15.0,2015.03,0,0,0
1940,2,4,66.5,2015.03,36,9,1
1942,38,1,20.5,2015.03,0,0,0
1944,1,1,48.0,2015.03,0,0,0
1945,10,3,144.0,2015.03,27,9,1
1947,36,1,32.0,2015.03,0,0,0
1949,18,2,57.5,2015.03,18,9,1
1952,30,2,46.5,2015.03,4,2,1
1953,35,1,13.05,2015.03,0,0,0
1954,35,1,36.5,2015.03,0,0,0
1958,29,1,7.0,2015.03,0,0,0
1959,34,1,7.0,2015.03,0,0,0
1962,11,4,251.25,2015.03,22,5,1
1969,32,1,30.0,2015.03,0,0,0
1970,32,1,12.5,2015.03,0,0,0
1971,24,1,15.0,2015.03,0,0,0
1972,31,1,48.5,2015.03,0,0,0
1975,30,1,14.0,2015.03,0,0,0
1976,30,1,49.5,2015.03,0,0,0
1977,30,1,20.5,2015.03,0,0,0
1978,30,1,16.0,2015.03,0,0,0
1979,30,1,38.75,2015.03,0,0,0
1980,29,1,10.5,2015.03,0,0,0
1982,30,1,27.0,2015.03,0,0,0
1985,16,1,45.0,2015.03,0,0,0
1988,15,3,41.9,2015.03,14,4,1
1989,28,1,24.0,2015.03,0,0,0
1990,28,1,0.25,2015.03,0,0,0
1993,2,5,74.4,2015.03,23,4,1
1995,13,4,54.81,2015.03,15,3,1
1996,2,4,69.05,2015.03,25,6,1
1999,27,1,27.25,2015.03,0,0,0
2001,27,1,19.0,2015.03,0,0,0
2004,27,1,14.5,2015.03,0,0,0
2005,26,1,0.25,2015.03,0,0,0
2007,26,1,7.0,2015.03,0,0,0
2008,26,1,12.0,2015.03,0,0,0
2011,23,1,24.5,2015.03,0,0,0
2012,20,1,4.5,2015.03,0,0,0
2016,4,3,48.25,2015.03,22,7,1
2018,18,2,80.25,2015.03,7,3,1
2020,25,1,19.0,2015.03,0,0,0
2021,25,1,24.0,2015.03,0,0,0
2023,8,2,45.730000000000004,2015.03,17,8,1
2024,13,2,31.0,2015.03,12,6,1
2026,17,2,38.0,2015.03,8,4,1
2027,10,3,37.5,2015.03,15,5,1
2028,25,2,135.0,2015.03,0,0,0
2029,1,3,30.5,2015.03,23,7,1
2033,23,1,7.0,2015.03,0,0,0
2034,20,1,7.0,2015.03,0,0,0
2037,17,2,59.5,2015.03,6,3,1
2038,23,1,18.0,2015.03,0,0,0
2039,9,2,41.5,2015.03,14,7,1
2040,23,1,10.0,2015.03,0,0,0
2043,22,1,18.0,2015.03,0,0,0
2045,22,1,20.5,2015.03,0,0,0
2047,22,1,19.0,2015.03,0,0,0
2048,9,1,18.9,2015.03,0,0,0
2049,13,2,42.25,2015.03,8,4,1
2050,21,1,22.0,2015.03,0,0,0
2054,21,1,86.0,2015.03,0,0,0
2055,1,2,161.5,2015.03,19,9,1
2057,13,1,15.8,2015.03,0,0,0
2058,20,1,6.25,2015.03,0,0,0
2061,4,3,52.65,2015.03,15,5,1
2072,4,3,22.0,2015.03,8,2,1
2073,3,2,114.85,2015.03,14,7,1
2076,17,1,16.0,2015.03,0,0,0
2077,6,3,119.12,2015.03,10,3,1
2078,16,1,22.0,2015.03,0,0,0
2080,16,1,15.0,2015.03,0,0,0
2082,16,1,14.5,2015.03,0,0,0
2083,16,1,35.0,2015.03,0,0,0
2087,5,3,53.99,2015.03,10,3,1
2092,14,1,18.0,2015.03,0,0,0
2097,14,1,12.9,2015.03,0,0,0
2098,1,1,6.0,2015.03,0,0,0
2101,13,1,18.0,2015.03,0,0,0
2103,13,1,16.65,2015.03,0,0,0
2104,13,1,12.8,2015.03,0,0,0
2105,12,1,29.9,2015.03,0,0,0
2109,11,1,56.0,2015.03,0,0,0
2110,11,1,16.0,2015.03,0,0,0
2112,11,1,12.0,2015.03,0,0,0
2113,11,1,23.3,2015.03,0,0,0
2115,10,1,18.9,2015.03,0,0,0
2116,11,1,10.0,2015.03,0,0,0
2117,8,1,12.75,2015.03,0,0,0
2119,6,1,13.5,2015.03,0,0,0
2120,10,1,28.25,2015.03,0,0,0
2122,10,1,47.2,2015.03,0,0,0
2123,10,1,11.61,2015.03,0,0,0
2126,10,1,19.4,2015.03,0,0,0
2128,3,1,9.55,2015.03,0,0,0
2130,3,3,93.19999999999999,2015.03,5,1,1
2133,8,1,18.5,2015.03,0,0,0
2136,7,1,22.3,2015.03,0,0,0
2137,7,1,15.25,2015.03,0,0,0
2140,6,2,94.0,2015.03,0,0,0
2142,6,1,2.9,2015.03,0,0,0
2144,5,1,21.8,2015.03,0,0,0
2147,5,1,10.5,2015.03,0,0,0
2148,5,1,11.8,2015.03,0,0,0
2149,4,1,19.8,2015.03,0,0,0
2150,1,2,85.39999999999999,2015.03,3,1,1
2152,3,1,15.3,2015.03,0,0,0
2157,3,1,6.0,2015.03,0,0,0
2158,2,3,166.4,2015.03,0,0,0
2159,1,1,2.9,2015.03,0,0,0
2161,2,1,101.93,2015.03,0,0,0
2164,1,1,22.0,2015.03,0,0,0
2945,33,1,180.0,2015.03,0,0,0
6086,81,1,16.0,2015.03,0,0,0
16082,26,1,1.25,2015.03,0,0,0
